Parent_Accession,Enzyme_Used,Peptide_Sequence,Peptide_Length
YEN85941.1,TRYPSIN,FPCSVYVPDEWEVSR,15
YEN85941.1,TRYPSIN,ELGQGSFGMVYEGNAR,16
YEN85941.1,TRYPSIN,GEAETR,6
YEN85941.1,TRYPSIN,TVNESASLR,9
YEN85941.1,TRYPSIN,IEFLNEASVMK,11
YEN85941.1,TRYPSIN,GFTCHHV,7
sp|P06213.4|INSR_HUMAN,TRYPSIN,MATGGR,6
sp|P06213.4|INSR_HUMAN,TRYPSIN,GAAAAPLLVAVAALLLGAAGHLYPGEVCPGMDIR,34
sp|P06213.4|INSR_HUMAN,TRYPSIN,LHELENCSVIEGHLQILLMFK,21
sp|P06213.4|INSR_HUMAN,TRYPSIN,TRPEDFR,7
sp|P06213.4|INSR_HUMAN,TRYPSIN,DLSFPK,6
sp|P06213.4|INSR_HUMAN,TRYPSIN,LIMITDYLLLFR,12
sp|P06213.4|INSR_HUMAN,TRYPSIN,VYGLESLK,8
sp|P06213.4|INSR_HUMAN,TRYPSIN,DLFPNLTVIR,10
sp|P06213.4|INSR_HUMAN,TRYPSIN,LFFNYALVIFEMVHLK,16
sp|P06213.4|INSR_HUMAN,TRYPSIN,ELGLYNLMNITR,12
sp|P06213.4|INSR_HUMAN,TRYPSIN,NNELCYLATIDWSR,14
sp|P06213.4|INSR_HUMAN,TRYPSIN,ILDSVEDNYIVLNK,14
sp|P06213.4|INSR_HUMAN,TRYPSIN,DDNEECGDICPGTAK,15
sp|P06213.4|INSR_HUMAN,TRYPSIN,TNCPATVINGQFVER,15
sp|P06213.4|INSR_HUMAN,TRYPSIN,CWTHSHCQK,9
sp|P06213.4|INSR_HUMAN,TRYPSIN,VCPTICK,7
sp|P06213.4|INSR_HUMAN,TRYPSIN,SHGCTAEGLCCHSECLGNCSQPDDPTK,27
sp|P06213.4|INSR_HUMAN,TRYPSIN,NFYLDGR,7
sp|P06213.4|INSR_HUMAN,TRYPSIN,CVETCPPPYYHFQDWR,16
sp|P06213.4|INSR_HUMAN,TRYPSIN,CVNFSFCQDLHHK,13
sp|P06213.4|INSR_HUMAN,TRYPSIN,QGCHQYVIHNNK,12
sp|P06213.4|INSR_HUMAN,TRYPSIN,CIPECPSGYTMNSSNLLCTPCLGPCPK,27
sp|P06213.4|INSR_HUMAN,TRYPSIN,VCHLLEGEK,9
sp|P06213.4|INSR_HUMAN,TRYPSIN,TIDSVTSAQELR,12
sp|P06213.4|INSR_HUMAN,TRYPSIN,GCTVINGSLIINIR,14
sp|P06213.4|INSR_HUMAN,TRYPSIN,GGNNLAAELEANLGLIEEISGYLK,24
sp|P06213.4|INSR_HUMAN,TRYPSIN,SYALVSLSFFR,11
sp|P06213.4|INSR_HUMAN,TRYPSIN,GETLEIGNYSFYALDNQNLR,20
sp|P06213.4|INSR_HUMAN,TRYPSIN,QLWDWSK,7
sp|P06213.4|INSR_HUMAN,TRYPSIN,HNLTITQGK,9
sp|P06213.4|INSR_HUMAN,TRYPSIN,LFFHYNPK,8
sp|P06213.4|INSR_HUMAN,TRYPSIN,LCLSEIHK,8
sp|P06213.4|INSR_HUMAN,TRYPSIN,MEEVSGTK,8
sp|P06213.4|INSR_HUMAN,TRYPSIN,NDIALK,6
sp|P06213.4|INSR_HUMAN,TRYPSIN,TNGDQASCENELLK,14
sp|P06213.4|INSR_HUMAN,TRYPSIN,WEPYWPPDFR,10
sp|P06213.4|INSR_HUMAN,TRYPSIN,DLLGFMLFYK,10
sp|P06213.4|INSR_HUMAN,TRYPSIN,EAPYQNVTEFDGQDACGSNSWTVVDIDPPLR,31
sp|P06213.4|INSR_HUMAN,TRYPSIN,SQNHPGWLMR,10
sp|P06213.4|INSR_HUMAN,TRYPSIN,GLKPWTQYAIFVK,13
sp|P06213.4|INSR_HUMAN,TRYPSIN,TLVTFSDER,9
sp|P06213.4|INSR_HUMAN,TRYPSIN,SDIIYVQTDATNPSVPLDPISVSNSSSQIILK,32
sp|P06213.4|INSR_HUMAN,TRYPSIN,WKPPSDPNGNITHYLVFWER,20
sp|P06213.4|INSR_HUMAN,TRYPSIN,QAEDSELFELDYCLK,15
sp|P06213.4|INSR_HUMAN,TRYPSIN,TWSPPFESEDSQK,13
sp|P06213.4|INSR_HUMAN,TRYPSIN,HNQSEYEDSAGECCSCPK,18
sp|P06213.4|INSR_HUMAN,TRYPSIN,TDSQILK,7
sp|P06213.4|INSR_HUMAN,TRYPSIN,ELEESSFR,8
sp|P06213.4|INSR_HUMAN,TRYPSIN,TFEDYLHNVVFVPR,14
sp|P06213.4|INSR_HUMAN,TRYPSIN,TSSGTGAEDPRPSR,14
sp|P06213.4|INSR_HUMAN,TRYPSIN,SLGDVGNVTVAVPTVAAFPNTSSTSVPTSPEEHRPFEK,38
sp|P06213.4|INSR_HUMAN,TRYPSIN,ESLVISGLR,9
sp|P06213.4|INSR_HUMAN,TRYPSIN,HFTGYR,6
sp|P06213.4|INSR_HUMAN,TRYPSIN,IELQACNQDTPEER,14
sp|P06213.4|INSR_HUMAN,TRYPSIN,CSVAAYVSAR,10
sp|P06213.4|INSR_HUMAN,TRYPSIN,TMPEAK,6
sp|P06213.4|INSR_HUMAN,TRYPSIN,ADDIVGPVTHEIFENNVVHLMWQEPK,26
sp|P06213.4|INSR_HUMAN,TRYPSIN,EPNGLIVLYEVSYR,14
sp|P06213.4|INSR_HUMAN,TRYPSIN,YGDEELHLCVSR,12
sp|P06213.4|INSR_HUMAN,TRYPSIN,HFALER,6
sp|P06213.4|INSR_HUMAN,TRYPSIN,GLSPGNYSVR,10
sp|P06213.4|INSR_HUMAN,TRYPSIN,ATSLAGNGSWTEPTYFYVTDYLDVPSNIAK,30
sp|P06213.4|INSR_HUMAN,TRYPSIN,IIIGPLIFVFLFSVVIGSIYLFLR,24
sp|P06213.4|INSR_HUMAN,TRYPSIN,QPDGPLGPLYASSNPEYLSASDVFPCSVYVPDEWEVSR,38
sp|P06213.4|INSR_HUMAN,TRYPSIN,ELGQGSFGMVYEGNAR,16
sp|P06213.4|INSR_HUMAN,TRYPSIN,GEAETR,6
sp|P06213.4|INSR_HUMAN,TRYPSIN,TVNESASLR,9
sp|P06213.4|INSR_HUMAN,TRYPSIN,IEFLNEASVMK,11
sp|P06213.4|INSR_HUMAN,TRYPSIN,GFTCHHVVR,9
sp|P06213.4|INSR_HUMAN,TRYPSIN,LLGVVSK,7
sp|P06213.4|INSR_HUMAN,TRYPSIN,GQPTLVVMELMAHGDLK,17
sp|P06213.4|INSR_HUMAN,TRYPSIN,SLRPEAENNPGRPPPTLQEMIQMAAEIADGMAYLNAK,37
sp|P06213.4|INSR_HUMAN,TRYPSIN,NCMVAHDFTVK,11
sp|P06213.4|INSR_HUMAN,TRYPSIN,IGDFGMTR,8
sp|P06213.4|INSR_HUMAN,TRYPSIN,DIYETDYYR,9
sp|P06213.4|INSR_HUMAN,TRYPSIN,GLLPVR,6
sp|P06213.4|INSR_HUMAN,TRYPSIN,WMAPESLK,8
sp|P06213.4|INSR_HUMAN,TRYPSIN,DGVFTTSSDMWSFGVVLWEITSLAEQPYQGLSNEQVLK,38
sp|P06213.4|INSR_HUMAN,TRYPSIN,FVMDGGYLDQPDNCPER,17
sp|P06213.4|INSR_HUMAN,TRYPSIN,VTDLMR,6
sp|P06213.4|INSR_HUMAN,TRYPSIN,MCWQFNPK,8
sp|P06213.4|INSR_HUMAN,TRYPSIN,MRPTFLEIVNLLK,13
sp|P06213.4|INSR_HUMAN,TRYPSIN,DDLHPSFPEVSFFHSEENK,19
sp|P06213.4|INSR_HUMAN,TRYPSIN,APESEELEMEFEDMENVPLDR,21
sp|P06213.4|INSR_HUMAN,TRYPSIN,SSHCQR,6
sp|P06213.4|INSR_HUMAN,TRYPSIN,EEAGGR,6
sp|P06213.4|INSR_HUMAN,TRYPSIN,DGGSSLGFK,9
sp|P06213.4|INSR_HUMAN,TRYPSIN,SYEEHIPYTHMNGGK,15
sp|P06213.4|INSR_HUMAN,TRYPSIN,ILTLPR,6
XYA24341.1,TRYPSIN,TPSFESWGR,9
XYA24341.1,TRYPSIN,APSAWCMR,8
XYA24341.1,TRYPSIN,AMPGTSSR,8
XYA24341.1,TRYPSIN,QRPAWR,6
KAI4039972.1,TRYPSIN,EAPYQNVTEFDGQDACGSNSWTVVDIDPPLR,31
KAI4039972.1,TRYPSIN,SQNHPGWLMR,10
KAI4039972.1,TRYPSIN,GLKPWTQYAIFVK,13
KAI4039972.1,TRYPSIN,TLVTFSDER,9
KAI4039972.1,TRYPSIN,SDIIYVQTDATNPSVPLDPISVSNSSSQIILK,32
KAI4039972.1,TRYPSIN,WKPPSDPNGNITHYLVFWER,20
KAI4039972.1,TRYPSIN,QAEDSELFELDYCLK,15
KAI4039972.1,TRYPSIN,VQSSAPL,7
KAI4039971.1,TRYPSIN,MGTGGR,6
KAI4039971.1,TRYPSIN,GAAAAPLLVAVAALLLGAAGHLYPGEVCPGMDIR,34
KAI4039971.1,TRYPSIN,LHELENCSVIEGHLQILLMFK,21
KAI4039971.1,TRYPSIN,TRPEDFR,7
KAI4039971.1,TRYPSIN,DLSFPK,6
KAI4039971.1,TRYPSIN,LIMITDYLLLFR,12
KAI4039971.1,TRYPSIN,VYGLESLK,8
KAI4039971.1,TRYPSIN,DLFPNLTVIR,10
KAI4039971.1,TRYPSIN,LFFNYALVIFEMVHLK,16
KAI4039971.1,TRYPSIN,ELGLYNLMNITR,12
KAI4039971.1,TRYPSIN,NNELCYLATIDWSR,14
KAI4039971.1,TRYPSIN,ILDSVEDNYIVLNK,14
KAI4039971.1,TRYPSIN,DDNEECGDICPGTAK,15
KAI4039971.1,TRYPSIN,TNCPATVINGQFVER,15
KAI4039971.1,TRYPSIN,CWTHSHCQK,9
KAI4039971.1,TRYPSIN,VCPTICK,7
KAI4039971.1,TRYPSIN,SHGCTAEGLCCHSECLGNCSQPDDPTK,27
KAI4039971.1,TRYPSIN,NFYLDGR,7
KAI4039971.1,TRYPSIN,CVETCPPPYYHFQDWR,16
KAI4039971.1,TRYPSIN,CVNFSFCQDLHHK,13
KAI4039971.1,TRYPSIN,QGCHQYVIHNNK,12
KAI4039971.1,TRYPSIN,CIPECPSGYTMNSSNLLCTPCLGPCPK,27
KAI4039971.1,TRYPSIN,VCHLLEGEK,9
KAI4039971.1,TRYPSIN,TIDSVTSAQELR,12
KAI4039971.1,TRYPSIN,GCTVINGSLIINIR,14
KAI4039971.1,TRYPSIN,GGNNLAAELEANLGLIEEISGYLK,24
KAI4039971.1,TRYPSIN,SYALVSLSFFR,11
KAI4039971.1,TRYPSIN,GETLEIGNYSFYALDNQNLR,20
KAI4039971.1,TRYPSIN,QLWDWSK,7
KAI4039971.1,TRYPSIN,HNLTITQGK,9
KAI4039971.1,TRYPSIN,LFFHYNPK,8
KAI4039971.1,TRYPSIN,LCLSEIHK,8
KAI4039971.1,TRYPSIN,MEEVSGTK,8
KAI4039971.1,TRYPSIN,NDIALK,6
KAI4039971.1,TRYPSIN,TNGDQASCENELLK,14
KAI4039971.1,TRYPSIN,WEPYWPPDFR,10
KAI4039971.1,TRYPSIN,DLLGFMLFYK,10
KAI4039971.1,TRYPSIN,EAPYQNVTEFDGQDACGSNSWTVVDIDPPLR,31
KAI4039971.1,TRYPSIN,SQNHPGWLMR,10
KAI4039971.1,TRYPSIN,GLKPWTQYAIFVK,13
KAI4039971.1,TRYPSIN,TLVTFSDER,9
KAI4039971.1,TRYPSIN,SDIIYVQTDATNPSVPLDPISVSNSSSQIILK,32
KAI4039971.1,TRYPSIN,WKPPSDPNGNITHYLVFWER,20
KAI4039971.1,TRYPSIN,QAEDSELFELDYCLK,15
KAI4039971.1,TRYPSIN,TWSPPFESEDSQK,13
KAI4039971.1,TRYPSIN,HNQSEYEDSAGECCSCPK,18
KAI4039971.1,TRYPSIN,TDSQILK,7
KAI4039971.1,TRYPSIN,ELEESSFR,8
KAI4039971.1,TRYPSIN,TFEDYLHNVVFVPR,14
KAI4039971.1,TRYPSIN,TSSGTGAEDPRPSR,14
KAI4039971.1,TRYPSIN,SLGDVGNVTVAVPTVAAFPNTSSTSVPTSPEEHRPFEK,38
KAI4039971.1,TRYPSIN,ESLVISGLR,9
KAI4039971.1,TRYPSIN,HFTGYR,6
KAI4039971.1,TRYPSIN,IELQACNQDTPEER,14
KAI4039971.1,TRYPSIN,CSVAAYVSAR,10
KAI4039971.1,TRYPSIN,TMPEAK,6
KAI4039971.1,TRYPSIN,ADDIVGPVTHEIFENNVVHLMWQEPK,26
KAI4039971.1,TRYPSIN,EPNGLIVLYEVSYR,14
KAI4039971.1,TRYPSIN,YGDEELHLCVSR,12
KAI4039971.1,TRYPSIN,HFALER,6
KAI4039971.1,TRYPSIN,GLSPGNYSVR,10
KAI4039971.1,TRYPSIN,ATSLAGNGSWTEPTYFYVTDYLDVPSNIAK,30
KAI4039971.1,TRYPSIN,IIIGPLIFVFLFSVVIGSIYLFLR,24
KAI4039971.1,TRYPSIN,QPDGPLGPLYASSNPEYLSASDVFPCSVYVPDEWEVSR,38
KAI4039971.1,TRYPSIN,ELGQGSFGMVYEGNAR,16
KAI4039971.1,TRYPSIN,GEAETR,6
KAI4039971.1,TRYPSIN,TVNESASLR,9
KAI4039971.1,TRYPSIN,IEFLNEASVMK,11
KAI4039971.1,TRYPSIN,GFTCHHVVR,9
KAI4039971.1,TRYPSIN,LLGVVSK,7
KAI4039971.1,TRYPSIN,GQPTLVVMELMAHGDLK,17
KAI4039971.1,TRYPSIN,SLRPEAENNPGRPPPTLQEMIQMAAEIADGMAYLNAK,37
KAI4039971.1,TRYPSIN,NCMVAHDFTVK,11
KAI4039971.1,TRYPSIN,IGDFGMTR,8
KAI4039971.1,TRYPSIN,DIYETDYYR,9
KAI4039971.1,TRYPSIN,GLLPVR,6
KAI4039971.1,TRYPSIN,WMAPESLK,8
KAI4039971.1,TRYPSIN,DGVFTTSSDMWSFGVVLWEITSLAEQPYQGLSNEQVLK,38
KAI4039971.1,TRYPSIN,FVMDGGYLDQPDNCPER,17
KAI4039971.1,TRYPSIN,VTDLMR,6
KAI4039971.1,TRYPSIN,MCWQFNPK,8
KAI4039971.1,TRYPSIN,MRPTFLEIVNLLK,13
KAI4039971.1,TRYPSIN,DDLHPSFPEVSFFHSEENK,19
KAI4039971.1,TRYPSIN,APESEELEMEFEDMENVPLDR,21
KAI4039971.1,TRYPSIN,SSHCQR,6
KAI4039971.1,TRYPSIN,EEAGGR,6
KAI4039971.1,TRYPSIN,DGGSSLGFK,9
KAI4039971.1,TRYPSIN,SYEEHIPYTHMNGGK,15
KAI4039971.1,TRYPSIN,ILTLPR,6
